{
  "state": false,
  "expData": {
    "metahne-Enrichment Experiment": {
      "sol": 2,
      "unit": "ppbv",
      "value": 0.5670320078286719
    },
    "Pyrolysis Experiment [Exp Seq 4]": {
      "sol": 2,
      "unit": "million counts/second time",
      "Intrument": "GCMS",
      "values": [
        0.14886854315047376,
        0.007253855512748542,
        0.36880146865097874,
        0.31720747380758446,
        0.4657080117374074,
        0.4035171225367562,
        0.07653375800083573,
        0.4874293852550337,
        0.07380828060658778,
        0.0760152425716657,
        0.3713063309056832,
        0.46241375480642,
        0.4475805010342072,
        0.2127456304516554,
        0.07892866829638406,
        0.4062624678711463,
        0.42997027030056567,
        0.26225058004957874,
        0.07947336732044341,
        0.3198410353276313,
        0.02556070181365261,
        0.022006624556952847,
        0.08364912715651979,
        0.043531133980349856,
        0.45472905983454576,
        0.43455704134660456,
        0.04471608859616466,
        0.480459678563745,
        0.27801522350785446,
        0.49832419588775206,
        0.19210393399210057,
        0.15734635863188368,
        0.27339557199719616,
        0.1712297600151645,
        0.3979904943038177,
        0.12536505140520293,
        0.45081588575503184,
        0.06956720140783423,
        0.39132162833840417,
        0.2917938135869316,
        0.11812199280350955,
        0.14201249477167155,
        0.21510050223339633,
        0.06473179354739284,
        0.2704372278740924,
        0.32922531136082805,
        0.28224723724729933,
        0.1877905076914853,
        0.2610707128516359,
        0.0031843150377675045
      ]
    },
    "Direct-Atmospheric-Measurement Experiment": {
      "Ar": {
        "sol": 2,
        "Volum mixing ratio": 0.3136529988862078
      },
      "O2": {
        "sol": 2,
        "Volum mixing ratio": 0.20321452777837357
      },
      "N2": {
        "sol": 2,
        "Volum mixing ratio": 0.556227114937159
      },
      "CO2": {
        "sol": 2,
        "Volum mixing ratio": 0.49832286978914553
      },
      "CO": {
        "sol": 2,
        "Volum mixing ratio": 0.7625444305891005
      }
    },
    "Atmospheric-Enrichment Experiment": {
      "sol": 2,
      "Count rate (counts/s)": [
        52478,
        782630,
        520224,
        449326,
        428587,
        930287,
        719829,
        258696,
        475113,
        499394,
        448208,
        83378,
        945375,
        435618,
        853415,
        678650,
        593319,
        775129,
        362571,
        152156
      ],
      "m/z": [
        11,
        12,
        13,
        14,
        15,
        16,
        17,
        18,
        19,
        20,
        21,
        22,
        23,
        24,
        25,
        26,
        27,
        28,
        29,
        30
      ]
    },
    "Derivatization Experiment [Exp Seq 2]": {
      "sol": 2,
      "Retention Time (min)": [
        8,
        9,
        10,
        11,
        12,
        13,
        14,
        15,
        16,
        17,
        18,
        19,
        20,
        21,
        22,
        23,
        24,
        25,
        26,
        27,
        28,
        29,
        30,
        31,
        32
      ],
      "Relative Intensity": [
        845854.9021061084,
        678841.2689128793,
        452401.4637991243,
        434433.33463205,
        863941.8631087665,
        944829.0080772067,
        155725.4870637488,
        975246.4838756013,
        637698.5690874388,
        946256.9624891247,
        100362.70601332243,
        941735.0261442915,
        469308.3110284397,
        54195.98173471607,
        564642.6292153071,
        992974.4007931883,
        801230.1593823857,
        175944.5726032197,
        496584.1593576791,
        930409.4126747899,
        581837.8903421476,
        120149.22171435438,
        997052.5144856912,
        248306.20356038946,
        657880.9569445073
      ]
    },
    "Combustion Experiment [Exp Seq 8]": {
      "sol": 2,
      "Sample Temperature (deg C)": [
        20.0,
        30.0,
        40.0,
        50.0,
        60.0,
        70.0,
        80.0,
        90.0,
        100.0,
        110.0,
        120.0,
        130.0,
        140.0,
        150.0,
        160.0,
        170.0,
        180.0,
        190.0,
        200.0,
        210.0,
        220.0,
        230.0,
        240.0,
        250.0,
        260.0,
        270.0,
        280.0,
        290.0,
        300.0,
        310.0,
        320.0,
        330.0,
        340.0,
        350.0,
        360.0,
        370.0,
        380.0,
        390.0,
        400.0,
        410.0,
        420.0,
        430.0,
        440.0,
        450.0,
        460.0,
        470.0,
        480.0,
        490.0,
        500.0,
        510.0,
        520.0,
        530.0,
        540.0,
        550.0,
        560.0,
        570.0,
        580.0,
        590.0,
        600.0,
        610.0,
        620.0,
        630.0,
        640.0,
        650.0,
        660.0,
        670.0,
        680.0,
        690.0,
        700.0,
        710.0,
        720.0,
        730.0,
        740.0,
        750.0,
        760.0,
        770.0,
        780.0,
        790.0,
        800.0,
        810.0,
        820.0,
        830.0,
        840.0,
        850.0,
        860.0,
        870.0,
        880.0,
        890.0,
        900.0,
        910.0,
        920.0,
        930.0,
        940.0,
        950.0,
        960.0,
        970.0,
        980.0,
        990.0,
        1000.0,
        1010.0
      ],