{
  "state": false,
  "expData": {
    "metahne-Enrichment Experiment": {
      "sol": 2,
      "unit": "ppbv",
      "value": 0.9009415651916775
    },
    "Pyrolysis Experiment [Exp Seq 4]": {
      "sol": 2,
      "unit": "million counts/second time",
      "Intrument": "GCMS",
      "values": [
        0.3936790047145298,
        0.34578508911280414,
        0.4637861924752612,
        0.43170704958151207,
        0.30730360584165733,
        0.42793100788172267,
        0.14595647202948447,
        0.40066014746092643,
        0.3390496710501633,
        0.043305250638094595,
        0.2330873014015024,
        0.3180107197860433,
        0.3823459361369916,
        0.42289199611255124,
        0.3995629731167762,
        6.256055041903297E-4,
        0.37114328616076114,
        0.022552095650892612,
        0.12295080616265519,
        0.4659171992950504,
        0.05952865755660336,
        0.41288858415054724,
        0.1442364502538107,
        0.17770145229749174,
        0.20212107256048018,
        0.25343072821929846,
        0.13722910088838247,
        0.22974529981543979,
        0.17646378286281672,
        0.18641817604315386,
        0.11199306240190193,
        0.2097552812861913,
        0.48169289961496314,
        0.007439148739132206,
        0.13429127780556693,
        0.23509489006352396,
        0.3939542854858641,
        0.07027424181020792,
        0.2032801435826928,
        0.22817791626316147,
        0.3583570304219765,
        0.061520473978209644,
        0.09307388241962888,
        0.40427028966154616,
        0.4496929300544886,
        0.036917194326502645,
        0.1303006366901458,
        0.17734319969212275,
        0.4397182189665697,
        0.4457688630846291
      ]
    },
    "Direct-Atmospheric-Measurement Experiment": {
      "Ar": {
        "sol": 2,
        "Volum mixing ratio": 0.42304044902855475
      },
      "O2": {
        "sol": 2,
        "Volum mixing ratio": 0.10020124502549843
      },
      "N2": {
        "sol": 2,
        "Volum mixing ratio": 0.19743454962085139
      },
      "CO2": {
        "sol": 2,
        "Volum mixing ratio": 0.056218110033076085
      },
      "CO": {
        "sol": 2,
        "Volum mixing ratio": 0.8518951998498906
      }
    },
    "Atmospheric-Enrichment Experiment": {
      "sol": 2,
      "Count rate (counts/s)": [
        759312,
        113314,
        445383,
        154740,
        774531,
        824126,
        769051,
        803788,
        847487,
        38556,
        738863,
        644321,
        64363,
        56172,
        640994,
        224346,
        911380,
        426013,
        811401,
        883858
      ],
      "m/z": [
        11,
        12,
        13,
        14,
        15,
        16,
        17,
        18,
        19,
        20,
        21,
        22,
        23,
        24,
        25,
        26,
        27,
        28,
        29,
        30
      ]
    },
    "Derivatization Experiment [Exp Seq 2]": {
      "sol": 2,
      "Retention Time (min)": [
        8,
        9,
        10,
        11,
        12,
        13,
        14,
        15,
        16,
        17,
        18,
        19,
        20,
        21,
        22,
        23,
        24,
        25,
        26,
        27,
        28,
        29,
        30,
        31,
        32
      ],
      "Relative Intensity": [
        498803.06233117066,
        501310.58054994314,
        334969.57171094243,
        564913.5698314875,
        480354.9796577271,
        95803.98056792417,
        42049.587045801636,
        989509.6329953774,
        755935.8100641486,
        716110.2424350785,
        807268.0457452893,
        695023.5200632954,
        211697.75958115156,
        224852.10612559482,
        152130.68357154913,
        174471.07782888395,
        240735.53726933515,
        172042.14698896735,
        474271.34774998436,
        956424.5994943148,
        195169.42382152003,
        33834.72621685269,
        259131.28975981803,
        168031.76102721508,
        769141.227846744
      ]
    },
    "Combustion Experiment [Exp Seq 8]": {
      "sol": 2,
      "Sample Temperature (deg C)": [
        20.0,
        30.0,
        40.0,
        50.0,
        60.0,
        70.0,
        80.0,
        90.0,
        100.0,
        110.0,
        120.0,
        130.0,
        140.0,
        150.0,
        160.0,
        170.0,
        180.0,
        190.0,
        200.0,
        210.0,
        220.0,
        230.0,
        240.0,
        250.0,
        260.0,
        270.0,
        280.0,
        290.0,
        300.0,
        310.0,
        320.0,
        330.0,
        340.0,
        350.0,
        360.0,
        370.0,
        380.0,
        390.0,
        400.0,
        410.0,
        420.0,
        430.0,
        440.0,
        450.0,
        460.0,
        470.0,
        480.0,
        490.0,
        500.0,
        510.0,
        520.0,
        530.0,
        540.0,
        550.0,
        560.0,
        570.0,
        580.0,
        590.0,
        600.0,
        610.0,
        620.0,
        630.0,
        640.0,
        650.0,
        660.0,
        670.0,
        680.0,
        690.0,
        700.0,
        710.0,
        720.0,
        730.0,
        740.0,
        750.0,
        760.0,
        770.0,
        780.0,
        790.0,
        800.0,
        810.0,
        820.0,
        830.0,
        840.0,
        850.0,
        860.0,
        870.0,
        880.0,
        890.0,
        900.0,
        910.0,
        920.0,
        930.0,
        940.0,
        950.0,
        960.0,
        970.0,
        980.0,
        990.0,
        1000.0,
        1010.0
      ],