{
  "state": false,
  "expData": {
    "metahne-Enrichment Experiment": {
      "sol": 2,
      "unit": "ppbv",
      "value": 1.348683779843809
    },
    "Pyrolysis Experiment [Exp Seq 4]": {
      "sol": 2,
      "unit": "million counts/second time",
      "Intrument": "GCMS",
      "values": [
        0.40982355439145174,
        0.2161776538526679,
        0.2586744532062597,
        0.4495181715702079,
        0.3074204548835487,
        0.07363773163561343,
        0.26211189449706607,
        0.135638252799882,
        0.2012221425822872,
        0.09806700710925281,
        0.06380888654255484,
        0.3347536024917625,
        0.3743997624606023,
        0.48126743670356664,
        0.39071052500912395,
        0.36843257312253364,
        0.20897677814260618,
        0.48052731153734163,
        0.013240355338607901,
        0.2867417282575115,
        0.16650677698076827,
        0.1437039416347689,
        0.05947357116696944,
        0.3585122491146335,
        0.31677307792458437,
        0.012385693354585892,
        0.4106953141621856,
        0.4529927885845693,
        0.41153461841627215,
        0.37352210937407304,
        0.2644799703621421,
        0.36496716944030255,
        0.2918467043212289,
        0.48782113483785783,
        0.28199379834390353,
        0.09488770900297816,
        0.4121137728762778,
        0.40924750328633785,
        0.019914424757878413,
        0.1331727480790193,
        0.46178560196523255,
        0.024116518953126886,
        0.08417741071932244,
        0.4135396236541061,
        0.46648702880219506,
        0.2805627111077051,
        0.13270132674504925,
        0.2940919494801239,
        0.3543752976524605,
        0.2495729525044832
      ]
    },
    "Direct-Atmospheric-Measurement Experiment": {
      "Ar": {
        "sol": 2,
        "Volume mixing ratio": 0.5271328950597852
      },
      "O2": {
        "sol": 2,
        "Volume mixing ratio": 0.43112412365986996
      },
      "N2": {
        "sol": 2,
        "Volume mixing ratio": 0.1527308124868787
      },
      "CO2": {
        "sol": 2,
        "Volume mixing ratio": 0.6075222523673831
      },
      "CO": {
        "sol": 2,
        "Volume mixing ratio": 0.877392262385743
      }
    },
    "Atmospheric-Enrichment Experiment": {
      "sol": 2,
      "Count rate (counts/s)": [
        570697,
        131887,
        393008,
        741857,
        219524,
        850018,
        356722,
        926189,
        362665,
        835286,
        206241,
        996415,
        72223,
        610788,
        296612,
        564997,
        361267,
        310275,
        600974,
        851900
      ],
      "m/z": [
        11,
        12,
        13,
        14,
        15,
        16,
        17,
        18,
        19,
        20,
        21,
        22,
        23,
        24,
        25,
        26,
        27,
        28,
        29,
        30
      ]
    },
    "Derivatization Experiment [Exp Seq 2]": {
      "sol": 2,
      "Retention Time (min)": [
        8,
        9,
        10,
        11,
        12,
        13,
        14,
        15,
        16,
        17,
        18,
        19,
        20,
        21,
        22,
        23,
        24,
        25,
        26,
        27,
        28,
        29,
        30,
        31,
        32
      ],
      "Relative Intensity": [
        994618.5196171552,
        393705.53616068274,
        561295.9081910249,
        314617.35967366735,
        582512.0524640642,
        773065.2574076148,
        26756.349336065745,
        710204.3442220135,
        836173.5892095589,
        595089.2723748197,
        794466.9075168268,
        696593.9124261606,
        799988.5035212578,
        649251.567276023,
        656274.1664252995,
        976024.9333075952,
        798815.7590160834,
        153793.6262711036,
        583122.4652242794,
        481896.6241174942,
        432480.2535475112,
        515580.8451028772,
        679788.2546532162,
        183007.6994427009,
        810061.9675917196
      ]
    },
    "Combustion Experiment [Exp Seq 8]": {
      "sol": 2,
      "Sample Temperature (deg C)": [
        20.0,
        30.0,
        40.0,
        50.0,
        60.0,
        70.0,
        80.0,
        90.0,
        100.0,
        110.0,
        120.0,
        130.0,
        140.0,
        150.0,
        160.0,
        170.0,
        180.0,
        190.0,
        200.0,
        210.0,
        220.0,
        230.0,
        240.0,
        250.0,
        260.0,
        270.0,
        280.0,
        290.0,
        300.0,
        310.0,
        320.0,
        330.0,
        340.0,
        350.0,
        360.0,
        370.0,
        380.0,
        390.0,
        400.0,
        410.0,
        420.0,
        430.0,
        440.0,
        450.0,
        460.0,
        470.0,
        480.0,
        490.0,
        500.0,
        510.0,
        520.0,
        530.0,
        540.0,
        550.0,
        560.0,
        570.0,
        580.0,
        590.0,
        600.0,
        610.0,
        620.0,
        630.0,
        640.0,
        650.0,
        660.0,
        670.0,
        680.0,
        690.0,
        700.0,
        710.0,
        720.0,
        730.0,
        740.0,
        750.0,
        760.0,
        770.0,
        780.0,
        790.0,
        800.0,
        810.0,
        820.0,
        830.0,
        840.0,
        850.0,
        860.0,
        870.0,
        880.0,
        890.0,
        900.0,
        910.0,
        920.0,
        930.0,
        940.0,
        950.0,
        960.0,
        970.0,
        980.0,
        990.0,
        1000.0,
        1010.0
      ],