{
  "state": false,
  "expData": {
    "metahne-Enrichment Experiment": {
      "sol": 2,
      "unit": "ppbv",
      "value": 0.5311449605708651
    },
    "Pyrolysis Experiment [Exp Seq 4]": {
      "sol": 2,
      "unit": "million counts/second time",
      "Intrument": "GCMS",
      "values": [
        0.314089290576708,
        0.13906526810839387,
        0.18736702611945455,
        0.21349215811726913,
        0.32143451600814843,
        0.4516895534126775,
        0.30198349858623175,
        0.4478263029412909,
        0.09066810031488098,
        0.4730687702003129,
        0.10186779827090414,
        0.11049647137340451,
        0.21277223272811113,
        0.42686082932701397,
        0.06985781185945833,
        0.01308449241184273,
        0.4482684840620672,
        0.2487388000932534,
        0.12231325792448178,
        0.1767981241035701,
        0.48331741631571806,
        0.3107247572766255,
        0.42754292111123954,
        0.1599212141441032,
        0.05301576529746099,
        0.22689732013567948,
        0.08511997701600055,
        0.1517952504250541,
        0.3710543416730238,
        0.11042222333628787,
        0.08107850820539553,
        0.2904399619557414,
        0.05734123585454387,
        0.4082028667069986,
        0.10048861890081856,
        0.39383061751640497,
        0.46076143994365837,
        0.2739206437872,
        0.14853604545872312,
        0.35588489125787004,
        0.43293516847863067,
        0.3528321659803295,
        0.003986359285134133,
        0.34737233067329143,
        0.22065387053529256,
        0.3424134942084312,
        0.30479275495184255,
        0.17924452822838877,
        0.20961406865740362,
        0.26178897864178324
      ]
    },
    "Direct-Atmospheric-Measurement Experiment": {
      "Ar": {
        "sol": 2,
        "Volum mixing ratio": 0.4253750562082458
      },
      "O2": {
        "sol": 2,
        "Volum mixing ratio": 0.13523230872381464
      },
      "N2": {
        "sol": 2,
        "Volum mixing ratio": 0.1751383134999719
      },
      "CO2": {
        "sol": 2,
        "Volum mixing ratio": 0.07458944644331322
      },
      "CO": {
        "sol": 2,
        "Volum mixing ratio": 0.37551118164163555
      }
    },
    "Atmospheric-Enrichment Experiment": {
      "sol": 2,
      "Count rate (counts/s)": [
        38207,
        59213,
        101780,
        870161,
        667474,
        957643,
        739792,
        34785,
        621630,
        913908,
        362343,
        435085,
        473407,
        964433,
        205973,
        336027,
        794904,
        923751,
        193204,
        577954
      ],
      "m/z": [
        11,
        12,
        13,
        14,
        15,
        16,
        17,
        18,
        19,
        20,
        21,
        22,
        23,
        24,
        25,
        26,
        27,
        28,
        29,
        30
      ]
    },
    "Derivatization Experiment [Exp Seq 2]": {
      "sol": 2,
      "Retention Time (min)": [
        8,
        9,
        10,
        11,
        12,
        13,
        14,
        15,
        16,
        17,
        18,
        19,
        20,
        21,
        22,
        23,
        24,
        25,
        26,
        27,
        28,
        29,
        30,
        31,
        32
      ],
      "Relative Intensity": [
        89220.04786744442,
        462588.8719527661,
        540271.3627352787,
        19709.681382108713,
        882213.3085819202,
        445176.29999270325,
        853485.8473996719,
        34211.507783755704,
        44441.14242002861,
        603545.9580215833,
        995604.4387903344,
        198789.10257891248,
        729766.2034818681,
        930300.8649222502,
        457705.8962624621,
        6407.558450959527,
        424479.08383297606,
        336626.3237912895,
        547666.8063245649,
        182959.39264721272,
        380047.56900779926,
        366360.0327736205,
        324191.05500084575,
        313354.6412684326,
        80996.21643311904
      ]
    },
    "Combustion Experiment [Exp Seq 8]": {
      "sol": 2,
      "Sample Temperature (deg C)": [
        20.0,
        30.0,
        40.0,
        50.0,
        60.0,
        70.0,
        80.0,
        90.0,
        100.0,
        110.0,
        120.0,
        130.0,
        140.0,
        150.0,
        160.0,
        170.0,
        180.0,
        190.0,
        200.0,
        210.0,
        220.0,
        230.0,
        240.0,
        250.0,
        260.0,
        270.0,
        280.0,
        290.0,
        300.0,
        310.0,
        320.0,
        330.0,
        340.0,
        350.0,
        360.0,
        370.0,
        380.0,
        390.0,
        400.0,
        410.0,
        420.0,
        430.0,
        440.0,
        450.0,
        460.0,
        470.0,
        480.0,
        490.0,
        500.0,
        510.0,
        520.0,
        530.0,
        540.0,
        550.0,
        560.0,
        570.0,
        580.0,
        590.0,
        600.0,
        610.0,
        620.0,
        630.0,
        640.0,
        650.0,
        660.0,
        670.0,
        680.0,
        690.0,
        700.0,
        710.0,
        720.0,
        730.0,
        740.0,
        750.0,
        760.0,
        770.0,
        780.0,
        790.0,
        800.0,
        810.0,
        820.0,
        830.0,
        840.0,
        850.0,
        860.0,
        870.0,
        880.0,
        890.0,
        900.0,
        910.0,
        920.0,
        930.0,
        940.0,
        950.0,
        960.0,
        970.0,
        980.0,
        990.0,
        1000.0,
        1010.0
      ],