{
  "state": false,
  "expData": {
    "metahne-Enrichment Experiment": {
      "sol": 2,
      "unit": "ppbv",
      "value": 0.3482655766494276
    },
    "Pyrolysis Experiment [Exp Seq 4]": {
      "sol": 2,
      "unit": "million counts/second time",
      "Intrument": "GCMS",
      "values": [
        0.2676412048972663,
        0.41252793570666396,
        0.1120547570953574,
        0.05716119934782571,
        0.36979318946078993,
        0.46711234899364557,
        0.45530101025076497,
        0.08118744288486551,
        0.10652497895161106,
        0.26755144871605663,
        0.20956247762736657,
        0.010671463762000066,
        0.3998347491808084,
        0.2712787390624452,
        0.36771246291023035,
        0.1964388380917867,
        0.061667698933447423,
        0.47159010819702013,
        0.346445929687494,
        0.2855432215314321,
        0.061762038689101906,
        0.4261511096507725,
        0.427003074737127,
        0.468444730903559,
        0.22681005438676455,
        0.23983331400048802,
        0.4827148658257011,
        0.10639780976841345,
        0.19779257388019533,
        0.07983679645543429,
        0.24918383998510435,
        0.48228883016495766,
        0.3810367755764936,
        0.4636535712282981,
        0.21566802654434641,
        0.05732407619179164,
        0.49036387406643656,
        0.3011495290565667,
        0.2421140959463623,
        0.08325366077213908,
        0.09263410343591472,
        0.49088990429151635,
        0.23529024396911136,
        0.21522727616280735,
        0.33706339843411615,
        0.26780606627899367,
        0.14959797914649448,
        0.3939127637199209,
        0.26987725001036444,
        0.4743991461419673
      ]
    },
    "Direct-Atmospheric-Measurement Experiment": {
      "Ar": {
        "sol": 2,
        "Volum mixing ratio": 0.9333208815431111
      },
      "O2": {
        "sol": 2,
        "Volum mixing ratio": 0.09819759825535856
      },
      "N2": {
        "sol": 2,
        "Volum mixing ratio": 0.773315571497126
      },
      "CO2": {
        "sol": 2,
        "Volum mixing ratio": 0.9960001305916844
      },
      "CO": {
        "sol": 2,
        "Volum mixing ratio": 0.7035471466433243
      }
    },
    "Atmospheric-Enrichment Experiment": {
      "sol": 2,
      "Count rate (counts/s)": [
        474757,
        836547,
        364299,
        690597,
        240281,
        389139,
        479800,
        964585,
        715715,
        814567,
        340875,
        149745,
        896777,
        934117,
        212604,
        531042,
        959527,
        521250,
        800284,
        886682
      ],
      "m/z": [
        11,
        12,
        13,
        14,
        15,
        16,
        17,
        18,
        19,
        20,
        21,
        22,
        23,
        24,
        25,
        26,
        27,
        28,
        29,
        30
      ]
    },
    "Derivatization Experiment [Exp Seq 2]": {
      "sol": 2,
      "Retention Time (min)": [
        8,
        9,
        10,
        11,
        12,
        13,
        14,
        15,
        16,
        17,
        18,
        19,
        20,
        21,
        22,
        23,
        24,
        25,
        26,
        27,
        28,
        29,
        30,
        31,
        32
      ],
      "Relative Intensity": [
        426791.80445326405,
        434337.0354811935,
        620367.288131647,
        961796.9318462481,
        240095.15809902616,
        602692.5115039119,
        180776.9204473586,
        222281.3101258244,
        928818.7986970914,
        480420.5705144421,
        890086.422003786,
        280815.3823885352,
        900206.5869261088,
        410990.4557818432,
        731412.2325862005,
        438120.2500523462,
        681346.2167453873,
        994567.326363397,
        452428.5680971364,
        883048.0094042999,
        557204.3049334624,
        889341.5240234283,
        45411.59473517486,
        448076.09145387216,
        900347.3449019891
      ]
    },
    "Combustion Experiment [Exp Seq 8]": {
      "sol": 2,
      "Sample Temperature (deg C)": [
        20.0,
        30.0,
        40.0,
        50.0,
        60.0,
        70.0,
        80.0,
        90.0,
        100.0,
        110.0,
        120.0,
        130.0,
        140.0,
        150.0,
        160.0,
        170.0,
        180.0,
        190.0,
        200.0,
        210.0,
        220.0,
        230.0,
        240.0,
        250.0,
        260.0,
        270.0,
        280.0,
        290.0,
        300.0,
        310.0,
        320.0,
        330.0,
        340.0,
        350.0,
        360.0,
        370.0,
        380.0,
        390.0,
        400.0,
        410.0,
        420.0,
        430.0,
        440.0,
        450.0,
        460.0,
        470.0,
        480.0,
        490.0,
        500.0,
        510.0,
        520.0,
        530.0,
        540.0,
        550.0,
        560.0,
        570.0,
        580.0,
        590.0,
        600.0,
        610.0,
        620.0,
        630.0,
        640.0,
        650.0,
        660.0,
        670.0,
        680.0,
        690.0,
        700.0,
        710.0,
        720.0,
        730.0,
        740.0,
        750.0,
        760.0,
        770.0,
        780.0,
        790.0,
        800.0,
        810.0,
        820.0,
        830.0,
        840.0,
        850.0,
        860.0,
        870.0,
        880.0,
        890.0,
        900.0,
        910.0,
        920.0,
        930.0,
        940.0,
        950.0,
        960.0,
        970.0,
        980.0,
        990.0,
        1000.0,
        1010.0
      ],